Unnamed: 0,Algorithm,ProofType,TotalCoinsMined,TotalCoinSupply,PC 1,PC 2,PC 3,class,CoinName,Class
42,Scrypt,PoW/PoS,41.99995383,42.0,-0.3332522209458738,0.9811994390113564,-0.5878944286056076,0,42 Coin,0
404,Scrypt,PoW/PoS,1055184902.04,532000000.0,-0.31658787879948586,0.9807741857698961,-0.5882933592179417,0,404Coin,0
1337,X13,PoW/PoS,29279424622.5027,314159265359.0,2.297126335506353,1.476943152147111,-0.677875323778626,0,EliteCoin,0
BTC,SHA-256,PoW,17927175.0,21000000.0,-0.14435387817098552,-1.2857190360049575,0.1973937729027359,3,Bitcoin,3
ETH,Ethash,PoW,107684222.6865,0.0,-0.1528095435369509,-1.9741146370215368,0.3973671249323365,3,Ethereum,3
LTC,Scrypt,PoW,63039243.3000049,84000000.0,-0.1613395052203736,-1.1055649137854837,-0.00608177120737851,3,Litecoin,3
DASH,X11,PoW/PoS,9031294.37563393,22000000.0,-0.4039611677951102,1.1851272774784627,-0.5199357231287666,0,Dash,0
XMR,CryptoNight-V7,PoW,17201143.1449131,0.0,-0.13081576317140356,-2.1274249990324354,0.38515207938813306,3,Monero,3
ETC,Ethash,PoW,113359703.0,210000000.0,-0.1512515445884594,-1.9742782092758033,0.3973494669076083,3,Ethereum Classic,3
ZEC,Equihash,PoW,7383056.25,21000000.0,-0.16432765671233265,-2.045406626267336,0.4097330035322232,3,ZCash,3
BTS,SHA-512,PoS,2741570000.0,3600570502.0,-0.262758266397189,0.7486453349211969,-0.11119834933022411,0,Bitshares,0
DGB,Multiple,PoW,11406219141.0,21000000000.0,0.1618068174750638,-1.8204955649032033,0.34515228510436846,3,DigiByte,3
BTCD,SHA-256,PoW/PoS,1288862.0,22000000.0,-0.3150970816699022,0.8009786483868678,-0.3844410407051055,0,BitcoinDark,0
XPY,SHA-256,PoS,11995334.8847328,12500000.0,-0.2692990317933703,0.6201890997675754,-0.04578892793893873,0,PayCoin,0
PRC,Scrypt,PoW,5768310.0,21000000.0,-0.16248588268979733,-1.1055152617517423,-0.006057563359173133,3,ProsperCoin,3
KOBO,X15,PoW/PoS,25542535.5881841,350000000.0,-0.25704804724409414,1.7392218688433232,-0.6723416595628043,0,KoboCoin,0
SPR,X11,PoW,11149733.9976203,20000000.0,-0.2334024685340522,-0.9015694766339846,0.061904106624789824,3,Spreadcoin,3
ARG,Scrypt,PoW,12205795.4449549,64000000.0,-0.16210240525116307,-1.1055488102142008,-0.0060629743084794204,3,Argentum,3
AUR,Scrypt,PoW/PoS,18135099.992959,16768584.0,-0.3329117631967516,0.981186193063979,-0.5879018559183401,0,Aurora Coin,0
BLU,Scrypt,PoW/PoS,635423900.0,0.0,-0.32548810451933347,0.9811928026516871,-0.5881106696532348,0,BlueCoin,0
XMY,Multiple,PoW,1688254250.0,2000000000.0,-0.09162255409905687,-1.8056000386231303,0.34988228816323147,3,MyriadCoin,3
MOON,Scrypt,PoW,88.0,384000000000.0,2.559400174710374,-1.4044940124145666,-0.034811243537652595,3,MoonCoin,3
ZET,SHA-256,PoW,170204389.754849,169795588.0,-0.1414384488461575,-1.2858364835843439,0.1973308083631986,3,ZetaCoin,3
SXC,Scrypt,PoW,128940951.183046,250000000.0,-0.15935752198280612,-1.1056948551825627,-0.006116629717962147,3,SexCoin,3
QTL,Scrypt,PoW,7357794.7925,100000000.0,-0.16190644461759765,-1.1055767903779434,-0.006064020474683555,3,Quatloo,3
ENRG,Scrypt,PoW/PoS,123062801.128773,0.0,-0.3317485420627567,0.9811981537716459,-0.587936308081827,0,EnergyCoin,0
QRK,Quark,PoW,259557164.91477,247000000.0,-0.23034894424967212,-0.48167196159751924,0.07526728097062686,3,QuarkCoin,3
RIC,Groestl,PoW,49548585.1412917,84000000.0,-0.2002317258327572,-1.222316095644968,0.0775974433789924,3,Riecoin,3
DGC,Scrypt,PoW,33442988.3440364,48166000.0,-0.16195515656397955,-1.1055367031376573,-0.006069015750357874,3,Digitalcoin ,3
BTB,Scrypt,PoW/PoS,42579.476901,500000.0,-0.3332481570786216,0.9811990492831796,-0.5878944805226876,0,BitBar,0
CAT,Scrypt,PoW,7219956.64626131,21000000.0,-0.1624681453104684,-1.1055152769127985,-0.006058057368946603,3,Catcoin,3
CBX,Scrypt,PoW/PoS,1039116.65144562,1000000.0,-0.33323243618260523,0.9811986495586874,-0.5878948570984784,0,CryptoBullion,0
CCN,Scrypt,PoW,4703879.51824446,13140000.0,-0.16255460684741885,-1.1055091305775606,-0.0060566124986462,3,CannaCoin,3
CRYPT,X11,PoW,4996986.20575291,18000000.0,-0.23349182535806054,-0.9015678551079691,0.0619063502431468,3,CryptCoin,3
CSC,Scrypt,PoC,39999997299.8568,40000000000.0,0.705335554453807,0.34690688132114633,-0.3015870642109006,0,CasinoCoin,0
DMD,Groestl,PoW/PoS,3304487.74735637,4380000.0,-0.3719081768338647,0.8644446713622569,-0.5042212575687729,0,Diamond,0
XVG,Multiple,PoW,15929530669.1206,16555000000.0,0.1855664663485604,-1.8170817818218785,0.3439458370105756,3,Verge,3
DVC,SHA-256,PoW,18773857500.0,21000000000.0,0.2335373481818538,-1.3022498703320247,0.18943985592391305,3,DevCoin,3
EAC,Scrypt,PoW,12539015186.822,13500000000.0,0.08620550104254561,-1.116141356860377,-0.01133217497696467,3,EarthCoin,3
EFL,Scrypt,PoW,20910478.8062499,21000000.0,-0.1623008635650192,-1.1055154198971637,-0.006062716389630654,3,E-Gulden,3
EMC2,Scrypt,PoW,218871896.499999,299792458.0,-0.15790570421166755,-1.1057345644876253,-0.006150962998585946,3,Einsteinium,3
EMD,Scrypt,PoW,19496786.31025,32000000.0,-0.1622401602124972,-1.1055239700980861,-0.006063059070443017,3,Emerald,3
EXCL,PoS,PoS,5679705.0,0.0,-0.3525260814577636,1.6240942237717133,-0.11589382494303163,0,Exclusive Coin,0
FLT,Scrypt,PoS/PoW/PoT,461829905.32893,0.0,-0.24312489365280726,0.39004034101635715,-0.2659989610625444,0,FlutterCoin,0
FRK,Scrypt,PoW,1142732.14912776,11235813.0,-0.16261161822471154,-1.1055076107215112,-0.006055258002955998,3,Franko,3
FTC,NeoScrypt,PoW,208669093.00773,336000000.0,-0.1732219647461743,-1.5763566899985915,0.259405280542651,3,FeatherCoin,3
GDC,Scrypt,PoW,884125802.0,1420609614.0,-0.14183183335607186,-1.1066142179141325,-0.0064612919192957325,3,GrandCoin,3
GLC,Scrypt,PoW,65672720.4708748,70000000.0,-0.1614065707169713,-1.1055540404243294,-0.006081618965668427,3,GlobalCoin,3
GLD,Scrypt,PoW,41658647.9999715,72245700.0,-0.16168407449945485,-1.1055555381970448,-0.0060736149155570926,3,GoldCoin,3
HBN,Scrypt,PoW/PoS,89266933.684704,120000000.0,-0.3313108290527683,0.9811050707488582,-0.5879337936423739,0,HoboNickels,0
HYP,X11,PoS,1678520090.7713,0.0,-0.3379833994801156,1.0043301373851872,-0.18184717435726608,0,HyperStake,0
IFC,Scrypt,PoW,90595753018.6314,90600000000.0,1.586512856455828,-1.1769892069863865,-0.04366956796515816,3,Infinite Coin,3
IOC,X11,PoW/PoS,17650913.9743456,22000000.0,-0.4038558463913883,1.1851271874548055,-0.5199386564709363,0,IOCoin,0
IXC,SHA-256,PoW,21089348.999,21000000.0,-0.14431524020087716,-1.2857190690308267,0.19739269678350194,3,IXcoin,3
KGC,Scrypt,PoW,151447649.8,265420800.0,-0.1589732019286378,-1.1057070973908192,-0.006125443812926573,3,KrugerCoin,3
LKY,Scrypt,PoW,19326319.14375,20000000.0,-0.16232730891048028,-1.105514624718901,-0.006062102395778798,3,LuckyCoin,3
LTB,Scrypt,PoW,1104344.22938102,1350000.0,-0.1626821659899001,-1.1054999128980298,-0.0060545046046397814,3,Litebar ,3
MAX,SHA3,PoW/PoS,61445805.0,100000000.0,-0.4103468913892414,2.4431850158973747,-0.639543893351454,0,MaxCoin,0
MEC,Scrypt,PoW,38151999.9930997,42000000.0,-0.16194132773516112,-1.1055319512662385,-0.0060701565107962605,3,MegaCoin,3
MED,HybridScryptHash256,PoW,40431856.9,200000000.0,-0.12603112454126708,-1.9910230590134605,0.3405298179351369,3,MediterraneanCoin,3
MINT,Scrypt,PoS,21293925445.4969,0.0,-0.027331442589936524,0.8001802106130623,-0.2564859180935572,0,MintCoin,0
MINC,Scrypt,PoW,5804204.88794916,10000000.0,-0.16256342107505636,-1.1055066971610459,-0.006056751800148544,3,MinCoin,3
MZC,SHA-256,PoW/PoS,1613836099.99999,2419200000.0,-0.278400380184343,0.7990952672878288,-0.38516932945904564,0,MazaCoin,0
NAUT,Scrypt,PoS,16180000.0,16180000.0,-0.28720525115098416,0.8003898379579956,-0.2492461016564658,0,Nautilus Coin,0
NAV,X13,PoW/PoS,66087096.2077108,0.0,-0.2868428540518227,1.721863102483686,-0.6444067926540523,0,NavCoin,0
NOBL,Scrypt,PoW,2366066305.76482,15000000000.0,-0.0274624975208909,-1.117203060024775,-0.007982552295599977,3,NobleCoin,3
NMC,SHA-256,PoW,14736400.0,21000000.0,-0.14439286561098816,-1.285719002680371,0.1973948587551526,3,Namecoin,3
NYAN,Scrypt,PoW,334709223.483138,337000000.0,-0.1562265537127834,-1.1057647453261255,-0.006193170011703376,3,NyanCoin,3
OPAL,X13,PoW/PoS,15156364.3306548,0.0,-0.2874651664534854,1.7218636344063019,-0.6443894604200817,0,OpalCoin,0
ORB,NeoScrypt,PoW/PoS,3220616.279225,3770000.0,-0.3486344079881198,0.510602430287056,-0.3223403239684764,0,Orbitcoin,0
POT,Scrypt,PoW/PoS,222677226.014206,420000000.0,-0.327554070592011,0.9808700874359184,-0.5880016610649261,0,PotCoin,0
PXC,Scrypt,PoW/PoS,73959274.625,98000000.0,-0.33165382422517065,0.9811223605538344,-0.5879269367451164,0,PhoenixCoin,0
RDD,Scrypt,PoW/PoS,29315567169.0888,0.0,0.02494881598093674,0.9808932660799149,-0.5978708072975614,0,Reddcoin,0
RPC,Scrypt,PoW,1104157.42169891,21000000.0,-0.16254287303503198,-1.1055152130391452,-0.006055976101719945,3,RonPaulCoin,3
SBC,Scrypt,PoW,24215181.725,250000000.0,-0.1606371451632611,-1.1056937614224076,-0.006080990498337706,3,StableCoin,3
SMC,Scrypt,PoW,25593737.1355044,51200000.0,-0.1620295575225815,-1.1055389835329967,-0.006066571784163208,3,SmartCoin,3
SUPER,X11,PoS,50707661.7493518,0.0,-0.35787331318892646,1.004347138323777,-0.1812932136180417,0,SuperCoin,0
SYNC,X11,PoW/PoS,1177.0,1000.0,-0.4042274518554486,1.1851445009419048,-0.5199310026161882,0,SyncCoin,0
SYS,SHA-256,PoW,563336541.299966,888000000.0,-0.13154362686786222,-1.2863998072970133,0.19714323627628388,3,SysCoin,3
TES,Multiple,PoS,80260463.7331396,100000000.0,-0.24955147719883342,0.10179761391273529,0.10738643667018101,0,TeslaCoin,0
TGC,SHA-256,PoW,43536800.0,47011968.0,-0.14385656523863727,-1.2857395572556993,0.197383109693527,3,TigerCoin,3
TIT,PHI1612,PoS,1622326490.46336,2300000000.0,-0.31241653537960073,1.5877170387128556,-0.3028163706712403,0,TittieCoin,0
TOR,X11,PoW/PoS,1431851.00002479,10000000.0,-0.4041390896639513,1.1851367004461715,-0.5199322382997017,0,TorCoin,0
TRC,SHA-256,PoW,22935396.0,42000000.0,-0.1441438185834451,-1.2857354396089484,0.19739049589512975,3,TerraCoin,3
UNB,SHA-256,PoW,2278150.0,80000000.0,-0.1441268503168644,-1.2857648119267657,0.1973946799949903,3,UnbreakableCoin,3
UNO,SHA-256,PoW,200911.79151896,250000.0,-0.14471756476237976,-1.2857026942315228,0.19740135926427074,3,Unobtanium,3
URO,X11,PoW,1207310.0,0.0,-0.23366572934260252,-0.90155380013021,0.06190898790209539,3,UroCoin,3
USDE,Scrypt,PoW/PoS,1098952592.6,1600000000.0,-0.30848223451065865,0.9799421483634951,-0.5883882348043091,0,UnitaryStatus Dollar,0
UTC,Scrypt,PoW/PoS,50235211.141939,100000000.0,-0.33192952616810484,0.9811210510624389,-0.5879190129878201,0,UltraCoin,0
VIA,Scrypt,PoW,23150892.1679687,23000000.0,-0.1622593107710258,-1.1055170005626003,-0.0060636286017178385,3,ViaCoin,3
VRC,Scrypt,PoST,32021108.4136696,0.0,-0.30240505270080753,0.23016237565530062,-0.26920340293295897,0,VeriCoin,0
VTC,Lyra2REv2,PoW,51173723.8166347,84000000.0,-0.19037878799324168,-1.159442323448754,0.1820184503745495,3,Vertcoin,3
WDC,Scrypt,PoW,119606941.0,265420800.0,-0.15936225716569605,-1.105706764845174,-0.006114608103436575,3,WorldCoin,3
XC,X11,PoW/PoS,6950831.0970606,5500000.0,-0.4041035540253452,1.1851401466552778,-0.5199337794648276,0,X11 Coin,0
XCR,Multiple,PoS,100000000.0,0.0,-0.25001916537822333,0.1018752710757139,0.10738720796819688,0,Crypti,0
XJO,SHA-256,PoW,39195739.362088,45000000.0,-0.14392387025948974,-1.2857379453323345,0.19738473767301573,3,JouleCoin,3
XST,X13,PoW/PoS,33093725.4123502,0.0,-0.2872459934347039,1.7218634470677792,-0.6443955646822359,0,StealthCoin,0
ZCC,Scrypt,PoW/PoS,147990237.978331,1000000000.0,-0.3243551425552191,0.9804192601935838,-0.5880196797190695,0,ZCC Coin,0
BCN,CryptoNight,PoW,184066828814.0,184467440735.0,3.855700018886193,-2.444203349974259,0.35650022382221286,3,ByteCoin,3
XDN,CryptoNight,PoW,6906587610.38292,10000000000.0,0.4542469383186407,-2.3065069335122264,0.42985523309175694,3,DigitalNote ,3
BURST,Shabal256,PoC,1813033920.0,2158812800.0,0.09947126827952793,0.6569708611063887,-0.14196176145698244,0,BurstCoin,0
SJCX,Counterparty,PoS,51173144.0,500000000.0,-0.3291186940225095,1.5921758471219665,-0.028796949904474643,0,StorjCoin,0
MONA,Scrypt,PoW,68194674.8711679,105120000.0,-0.16112679623844045,-1.1055814123629324,-0.006085107298833079,3,MonaCoin,3
NTRN,SHA-256,PoW/PoS,39121694.0,68000000.0,-0.3143087243377266,0.800942436130441,-0.3844573604684539,0,Neutron,0
FAIR,Groestl,PoW/PoS,53193831.0,0.0,-0.3713296379657709,0.8644475607295151,-0.504237907395857,0,FairCoin,0
NLG,Scrypt,PoW,415032420.0,1680000000.0,-0.14572482058325337,-1.1068112886593067,-0.006321080160149903,3,Gulden,3
RBY,Scrypt,PoS,27184490.3918338,0.0,-0.28718548653456355,0.8004023213123949,-0.24924863489658666,0,RubyCoin,0
PTC,Scrypt,PoW,137517654.41397,166386000.0,-0.1598454492395111,-1.1056298401186933,-0.006113286721298658,3,PesetaCoin,3
KORE,X13,PoW/PoS,2022464.886973,12000000.0,-0.28754058114370906,1.7218544279784571,-0.6443858894866318,0,Kore,0
WBB,Scrypt,PoW,181919.2435974,2628000.0,-0.16268437740881841,-1.1055008983574606,-0.006054286401862885,3,Wild Beast Coin,3
NOTE,Scrypt,PoS,174646113.934655,500000000.0,-0.2818392744439946,0.8000114645998039,-0.24933626184330088,0,Dnotes,0
FLO,Scrypt,PoW,152270664.860648,160000000.0,-0.15971045434266792,-1.1056250218478907,-0.006117829078809885,3,Flo,3
8BIT,Scrypt,PoW/PoS,1467841.0,0.0,-0.3332342865019,0.981199423714308,-0.5878949281090502,0,8BIT Coin,0
STV,X13,PoW/PoS,7096834.0,10000000.0,-0.28749275607718994,1.7218559322480123,-0.644387466567681,0,Sativa Coin,0
ABY,Scrypt,PoW,792537250.0,1000000000.0,-0.14593255973671512,-1.1062857607352234,-0.006398624567334976,3,ArtByte,3
FLDC,Stanford Folding,PoW,719416990.0,1000000000.0,-0.1371393614675457,-2.073534922825245,0.5381125822169511,3,Folding Coin,3
U,X11,PoS,2689812.0,20000000.0,-0.35831825734478906,1.0043320671594362,-0.18127837043845138,0,Ucoin,0
UIS,Multiple,PoW,65113302.0,0.0,-0.12563302022663903,-1.804025820003862,0.3505844363167999,3,Unitus,3
CYP,QuBit,PoW,6365285.0,0.0,-0.18517441062494774,-1.5487646290312675,0.20581913698972001,3,CypherPunkCoin,3
OMC,Scrypt,PoW,10140044.4430293,3371337.0,-0.16255743169418524,-1.1055015811474138,-0.006057730918240207,3,OmniCron,3
VTR,Scrypt,PoW/PoS,11604722.0,20000000.0,-0.33296864966222445,0.9811837451796164,-0.587899875562005,0,Vtorrent,0
GRE,Scrypt,PoW,4610340640.89,10000000000.0,-0.035484240148315374,-1.1133333331418132,-0.008371858230653645,3,GreenCoin,3
XCN,M7 POW,PoW,708506520.0,1840000000.0,-0.13560394501969203,-2.2108678215692903,0.3682467009567849,3,Cryptonite,3
MSC,Scrypt,PoW,619478.0,619478.0,-0.16269326900930042,-1.1054993390253594,-0.0060542848920879236,3,MasterCoin,3
SOON,SHA-256,PoW,12462620.0,21000000.0,-0.14442064847293618,-1.285718978932921,0.19739563254507259,3,SoonCoin,3
1CR,Scrypt,PoW,88213.0,92000000000.0,0.4894669344088339,-1.1771331087420942,-0.012943807329513647,3,1Credit,3
ISL,X11,PoW/PoS,1513704.0,0.0,-0.40420897768009934,1.1851444859236446,-0.5199315172692621,0,IslaCoin,0
NXS,SHA3,PoW/nPoS,63657220.0,78000000.0,-0.39643251441714716,3.3618737078507754,-0.42758080297939,0,Nexus,0
MARS,X11,PoW,32221574.820996,33000000.0,-0.23305284132573434,-0.9015798189411932,0.06189596211646642,3,MarsCoin ,3
CTO,Lyra2RE,PoW,13742738.0,65789100.0,-0.1413834896062605,-2.2158621637367992,0.35261693886985734,3,Crypto,3
ACP,SHA-256,PoW,14747200.0002,53760000.0,-0.14416050403073308,-1.2857445108179424,0.1973924017298304,3,Anarchists Prime,3
DRZ,QUAIT,PoW/PoS,8568038.35935056,5060000.0,-0.41471758707954803,1.8379809766291637,-0.690974534674583,0,Droidz,0
BSC,X11,PoW,15863837.5,21000000.0,-0.23333777903233657,-0.9015703045015065,0.06190242747995863,3,BowsCoin,3
SQL,X11,PoS/PoW,329200.01639,0.0,-0.3463144611083111,0.9814495123199077,-0.10222045113652413,0,Squall Coin,0
SONG,Scrypt,PoW,32565300.0,210240000.0,-0.1608169680724795,-1.105662890173959,-0.006080854556476602,3,Song Coin,3
ZNY,Scrypt,PoW,75614500.0,250000000.0,-0.16000910719834913,-1.1056942982389584,-0.006098482196914267,3,BitZeny,3
DIGS,Scrypt,PoS,100000000.0,100000000.0,-0.28558688680606126,0.8003236975007889,-0.2492809035960958,0,Diggits,0
EXP,Ethash,PoW,10495278.0,16906397.0,-0.15387722942642057,-1.9741267858588625,0.39739893319951236,3,Expanse,3
CON,X13,PoW/PoS,23042604.0,50000000.0,-0.28701436526436436,1.7218246203803513,-0.6443958886149216,0,Paycon,0
SC,Blake2b,PoW,33098296530.0,0.0,0.36538783651149254,-2.15214592579768,0.4319776422978562,3,Siacoin,3
EMC,SHA-256,PoW/PoS,43059794.804778,1000000000.0,-0.30765382881764997,0.8002167088258243,-0.384528496802511,0,Emercoin,0
EGC,X15,PoW/PoS,13530556.4180753,26298000.0,-0.25948948317609244,1.7394740394323231,-0.6723133301829214,0,EverGreenCoin,0
MND,X11,PoW,15867695.0,16000000.0,-0.23337317597908946,-0.9015664113756198,0.06190280061012718,3,MindCoin,3
I0C,SHA-256,PoW,20997476.8650231,21000000.0,-0.1443163627680627,-1.2857190680713102,0.19739272804850172,3,I0coin,3
DCR,BLAKE256,PoW/PoS,10365046.9281661,21000000.0,-0.07666430915220848,0.9256342044643211,-0.5844331664383334,0,Decred,0
RVR,Scrypt,PoW,210000000.0,210000000.0,-0.15865063036308072,-1.1056645564371377,-0.006141219374147177,3,Revolution VR,3
HODL,1GB AES Pattern Search,PoW,11448949.0,81962100.0,-0.1605547948150058,-1.9562413980163773,0.25744351830381923,3,HOdlcoin,3
EDRC,SHA-256,PoW/PoS,3669691.84494672,22000000.0,-0.3150679907873611,0.8009786235213853,-0.3844418509251514,0,EDRCoin,0
HTC,X11,PoW/PoS,10996318099.0,26550000000.0,-0.08165759823549044,1.1643569433568017,-0.5256614502952944,0,Hitcoin,0
GAME,Scrypt,PoW,69836100.0,84000000.0,-0.1612564557910627,-1.1055649847721218,-0.006084084245238559,3,Gamecredits,3
DBIC,SHA-256,PoW/PoS,5129014.0,10500000.0,-0.31513168100830474,0.8009875625623676,-0.38444148632827396,0,DubaiCoin,0
DIEM,SHA-256,PoW,21739971929.0,21626280000.0,0.2742192894923389,-1.302768490972978,0.18838355649859614,3,CarpeDiemCoin,3
PWR,NIST5,PoW/PoS,10069449031.9252,0.0,-0.24003810112093749,1.4336174652369502,-0.670790825520511,0,PWR Coin,0
BLRY,Scrypt,PoW/PoS,8998743.2411911,42000000.0,-0.3328445376388067,0.9811666424653956,-0.5879006362703711,0,BillaryCoin,0
GPU,Scrypt,PoS,40477042.0,221052632.0,-0.2854560660428046,0.8002300635585117,-0.24926971280228824,0,GPU Coin,0
ADZ,X11,PoW,45110324.0,84000000.0,-0.23253382665971759,-0.901619663846789,0.061887756629365846,3,Adzcoin,3
SOIL,Dagger,PoW,5702048.0,30000000.0,-0.1668122747590926,-2.20797040729069,0.4200510429440641,3,SoilCoin,3
YOC,Scrypt,PoW,636462.55983338,168351300.0,-0.1615040414289694,-1.1056299407739074,-0.006066851870554382,3,YoCoin,3
SIB,X11GOST,PoW,17263355.0,24000000.0,-0.12309871191064647,-2.1770575166043464,0.4316637604720893,3,SibCoin,3
ERC,X11,PoW/PoS,10407269.7881868,384000000.0,-0.401378203579524,1.1848453978766806,-0.5199633010538648,0,EuropeCoin,0
ZEIT,Scrypt,PoS,36971236046.8073,99000000000.0,0.8660192717760808,0.7229317858937356,-0.26923503232347146,0,ZeitCoin,0
SWING,SHA-256,PoW/PoS,4377081.60953993,40000000.0,-0.3149317486428736,0.8009646007351499,-0.3844434396514066,0,SwingCoin,0
SAFEX,Scrypt,PoC,2147483647.0,2147483647.0,-0.025506250197528443,0.3767754417560533,-0.28587075650489846,0,SafeExchangeCoin,0
NEBU,PoS,PoS,20000000.0,20000000.0,-0.3522093283211578,1.6240785015452786,-0.11590019605332819,0,Nebuchadnezzar,0
FRN,Scrypt,PoW,6570807.65677618,20000000.0,-0.16248316594797704,-1.105514491499825,-0.0060577615685144135,3,Francs,3
BOLI,X11,PoW,13654082.4987998,25000000.0,-0.2333364243210432,-0.9015733959556762,0.06190287992720444,3,BolivarCoin,3
XRA,X11,PoW/PoS,134554941.15119,75000000.0,-0.4020517122653128,1.1850846989429855,-0.5199824091675248,0,Ratecoin,0
REV,SHA-256,PoW/PoS,1195525.0,222725000.0,-0.31367531951340105,0.8008223582056069,-0.3844560409523935,0,Revenu,0
CKC,SHA-256,PoW/PoS,16662820.0,525000000.0,-0.31134355583377654,0.8005868353034736,-0.3844839415729114,0,Clockcoin,0
VIP,NIST5,PoW/PoS,83450403.0,90000000.0,-0.36141702281307486,1.4336516824178063,-0.6673992309651416,0,VIP Tokens,0
BSD,X11,PoW/PoS,24387724.5010828,139000000.0,-0.4029441391641663,1.1850360170068013,-0.5199497110386732,0,BitSend,0
OMNI,Scrypt,PoW,616448.0,616448.0,-0.1626933275113759,-1.1054993366344552,-0.006054283634036659,3,Omni,3
LIR,POS 3.0,PoS,38589808.6658096,33500000.0,-0.35216460060077387,1.4771425546086112,0.03338861489873743,0,Let it Ride,0
PUT,Scrypt,PoW/PoS,813092338.575672,2000000000.0,-0.3091395771804744,0.9796336806055422,-0.588320909153463,0,PutinCoin,0
IBANK,Scrypt,PoW/PoS,4526324.0,44333333.0,-0.3328826446641721,0.9811648723649006,-0.5878992890016783,0,iBankCoin,0
FRWC,Scrypt,PoW/PoS,100000000.0,100000000.0,-0.3313214601904305,0.9811205313169792,-0.5879359484397992,0,Frankywillcoin,0
MUDRA,X13,PoS,5000000.0,200000000.0,-0.24043692841773603,1.5409111800166075,-0.3057459369812835,0,MudraCoin,0
PIZZA,X11,PoW,1377917.0,25000000.0,-0.2334864243260147,-0.9015732677429084,0.06190705762826641,3,PizzaCoin,3
LC,X11,PoS,657000000.0,657000000.0,-0.34580779645043747,1.0038292441468366,-0.18154874272220725,0,Lutetium Coin,0
KMD,Equihash,dPoW/PoW,115898131.0,200000000.0,-0.3205070925859893,-1.6096340204410702,0.5228136672797217,3,Komodo,3
GB,X11,PoW/PoS,15563873.0,50000000.0,-0.403682860674298,1.185105407521368,-0.5199400431104817,0,GoldBlocks,0
CTC,Scrypt,PoW/PoS,43165500.0,90000000.0,-0.3320867977126803,0.9811289112311359,-0.5879158582090637,0,CarterCoin,0
KRB,CryptoNight,PoW,7822432.72439746,10000000.0,0.2991350363693438,-2.29865633651405,0.43295108835242047,3,Karbo,3
BXT,SHA-256,PoW/PoS,595429.0,21000000.0,-0.31511264340485645,0.8009794342623455,-0.38444072983438476,0,BitTokens,0
ZYD,SHA-256,PoW,6243840.0,9736000.0,-0.14457648292411115,-1.2857101434589742,0.1973985924026774,3,ZayedCoin,3
MST,X11,PoW/PoS,657636.34549789,3000000.0,-0.40419817135067293,1.1851421589647448,-0.5199314506066843,0,MustangCoin,0
ZNE,Scrypt,PoW/PoS,2581970.0,21000000.0,-0.33307180804377917,0.9811830607803667,-0.5878968799184562,0,ZoneCoin,0
COVAL,Multiple,PoW,1000000000.0,1200000000.0,-0.10570324771468079,-1.8049699438800888,0.35017641878747124,3,Circuits of Value,3
ROOT,Scrypt,PoW/PoS,1939889.0,0.0,-0.33322851864202924,0.9811994187842197,-0.5878950887516737,0,RootCoin,0
DOPE,Scrypt,PoW,116845228.0,200000000.0,-0.1598597580070183,-1.1056557971925973,-0.0061087689940678026,3,DopeCoin,3
BTCR,Scrypt,PoS,169598616.0,0.0,-0.2854453568864785,0.8004008339335298,-0.24929709983817988,0,BitCurrency,0
DLC,SHA-256,PoW,9106714.0,10638298.0,-0.14453510581604656,-1.2857108759181564,0.19739755056639874,3,DollarCoin,3
SCN,Scrypt,PoW/PoW,665200057.0,3100000000.0,-0.20714768866968963,0.4793292600966532,-0.398549702254563,0,Swiscoin,0
SH,Scrypt,PoW,11119200.0,30000000.0,-0.162356701892302,-1.105522325335767,-0.006060058317438567,3,Shilling,3
BUZZ,SHA-256D,PoW/PoS,19577787259.0,20000000000.0,0.027409194865256226,1.7820555149581712,-0.7722706756124851,0,BuzzCoin,0
XPO,PoS,PoS,74033806.7949683,74000000.0,-0.3511663039968738,1.6240358910193378,-0.11592262827799008,0,Opair,0
PSB,Scrypt,PoW/PoS,33522957.0,0.0,-0.3328426114662517,0.9811990889293856,-0.5879058367834401,0,PesoBit,0
HALLO,X11,PoW/PoS,264678458.288619,1500000000.0,-0.3903601960779657,1.1839737875679872,-0.5201334077235578,0,Halloween Coin,0
XZC,Lyra2Z,PoW,7568281.24956067,21400000.0,-0.14973746445624955,-2.10315660429332,0.3120494955711809,3,ZCoin,3
CFC,PoS,PoS,148716816.0,39999898.0,-0.3504947877529621,1.6240615846363873,-0.11594549742841855,0,CoffeeCoin,0
ROYAL,X13,PoS,2500124.0,2500124.0,-0.24186751421285768,1.5410649860927572,-0.3057302957628183,0,RoyalCoin,0
GNJ,X14,PoW/PoS,100000000.0,100000000.0,-0.41091545443463606,1.7726488877603377,-0.8743204059689327,0,GanjaCoin V2,0
TEAM,PoS,PoS,17818682.1654,301000000.0,-0.3502440240670597,1.6238597283880403,-0.11592049742098685,0,TeamUP,0
LANA,SHA-256D,PoW/PoS,1082162635.53683,7506000000.0,-0.2871528032393616,1.7919769276438218,-0.7650407728752631,0,LanaCoin,0
ELE,Ethash,PoW,26205539.0,26205539.0,-0.15361934898899268,-1.9741341905584786,0.39739289044207227,3,Elementrem,3
ZCL,Equihash,PoW,5613550.0,21000000.0,-0.16434927795443174,-2.0454066077865414,0.40973360571277817,3,ZClassic,3
ARK,DPoS,DPoS,108202084.0,125000000.0,3.7162692384927367,2.947665038951185,-0.10268032326860271,0,ARK,0
INSANE,X11,PoW/PoS,18342813.0,30000000.0,-0.4037906816866782,1.185120951162705,-0.5199394910397105,0,InsaneCoin,0
KLC,Scrypt,PoW,196297971.0,10000000000.0,-0.08941854255677703,-1.113287232702335,-0.006869715663865882,3,KiloCoin,3
ATX,X11,PoW,824000000.0,500000000.0,-0.22006778234865587,-0.9019517100276664,0.061591539085167187,3,ArtexCoin,3
EMB,X13,PoW/PoS,92192822723.0,850000000.0,0.8448607517407174,1.7202390888955132,-0.675822091210255,0,EmberCoin,0
XEN,X11,PoW/PoS,3853326.77707314,3853326.77707314,-0.4041530747733539,1.1851414611602364,-0.5199326020363148,0,XenixCoin,0
FRE,PoS,PoS,50000000.0,50000000.0,-0.3516300998512498,1.624054829227023,-0.11591265200881445,0,FreeCoin,0
PLNC,Scrypt,PoW/PoS,17089600.0,38540000.0,-0.33277020438610766,0.9811692520351544,-0.5879031305547977,0,PLNCoin,0
ARCO,Scrypt,PoW/PoS,2449577.41533168,42000000.0,-0.3329245605829854,0.9811667108651477,-0.5878984075241853,0,AquariusCoin,0
KURT,X11,PoW,61364813.0,228000000.0,-0.23131442679126932,-0.9017319567951535,0.06187144110936472,3,Kurrent,3
XCRE,PoS,PoS,20000000.0,20000000.0,-0.3522093283211578,1.6240785015452786,-0.11590019605332819,0,Creatio,0
ENT,X11,PoW/PoS,6069482.07721352,60000000.0,-0.4037279825719018,1.1850977203488204,-0.5199375609607685,0,Eternity,0
EUC,SHA-256,PoW/PoS,12416554.0,20000000.0,-0.3149752922646626,0.8009800894352748,-0.38444467779206254,0,Eurocoin,0
BCF,Scrypt,PoW/PoS,20244023.640728,33000000.0,-0.33277093315756984,0.9811735327183483,-0.5879037891537479,0,BitcoinFast,0
XSN,X11,TPoS,75590369.0,76500000.0,-0.3837369853756219,0.711910810152606,-0.13461841380128356,0,Stakenet,0
BCCOIN,Scrypt,PoW/PoS,11080722.3769581,28000000.0,-0.3329183417793261,0.9811775215864104,-0.5879002963483908,0,BitConnect Coin,0
MONEY,Scrypt,PoW/PoS,10914418.0,650659833.0,-0.3285064527363026,0.9806926996832847,-0.587946869865863,0,MoneyCoin,0
XNG,X11,PoW/PoS,814671.0,5000000.0,-0.4041820749434047,1.1851406000581985,-0.5199316538243024,0,Enigma,0
XCI,CryptoNight,PoW,978145.0,21000000.0,0.2991293843675544,-2.2986648299976173,0.4329525937571083,3,Cannabis Industry Coin,3
RC,Scrypt,PoW/PoS,8377873.0,144000000.0,-0.332129064680057,0.981087228359829,-0.5879080636175127,0,Russiacoin,0
PND,Scrypt,PoS,33813143821.8337,32514916898.0,0.3561306449278193,0.7747322644649407,-0.2631813285133994,0,PandaCoin,0
UNITS,Scrypt,PoW/PoS,3472983.0,13000000.0,-0.33311763146380746,0.9811892805404705,-0.5878965840303678,0,GameUnits,0
GAKH,Scrypt,PoW/PoS,3315789.0,3315789.0,-0.3331882017771568,0.98119682263075,-0.5878958052988502,0,GAKHcoin,0
ASAFE2,Quark,PoS,10517772.7391666,15000000.0,-0.3598489307203641,1.42441273772808,-0.16781595035792704,0,Allsafe,0
LTCR,QuBit,PoW/PoS,30227750.0,78835200.0,-0.3548709838143762,0.5378720272952313,-0.3760352884029977,0,LiteCreed,0
OS76,Scrypt,PoW,894026.0,2714286.0,-0.16267506465354206,-1.1055009729798795,-0.006054535200702183,3,OsmiumCoin,3
BIC,CryptoNight,PoW,9357088.0,25000000.0,0.29926012025678805,-2.2986680320405752,0.43294944276524294,3,Bikercoins,3
HXX,Lyra2RE,PoW,1876146.443596,9999999.0,-0.14192396378975378,-2.215818600553455,0.3526251551555526,3,HexxCoin,3
KED,Scrypt,PoW/PoS,23965372.0,500000000.0,-0.3294149856039616,0.980809872131734,-0.5879400285337599,0,Klingon Empire Darsek,0
IOP,SHA-256,PoW/PoS,2526078.47525448,21000000.0,-0.3150890531859958,0.8009794140985648,-0.3844413868535788,0,Internet of People,0
KUSH,X11,PoW/PoS,5659096.95728771,9354000.0,-0.4040920171683594,1.1851371592937143,-0.5199336284954673,0,KushCoin,0
PRX,Scrypt,PoW/PoS,11821728.0,20000000.0,-0.33296599810941807,0.9811837429131971,-0.5878999494113025,0,Printerium,0
PAC,X11,PoW,536982074.0,100000000000.0,0.48176241052027236,-0.979422719274134,0.05423780014089883,3,PacCoin,3
IMPCH,Scrypt,PoW/PoS,308179.0,21933333.0,-0.33309297481408634,0.981182357803839,-0.587896176020778,0,Impeach,0
CTL,CryptoNight-V7,PoW,10969318.522954,185000000.0,-0.1295804775984726,-2.1275689810954646,0.38514034575212136,3,Citadel,3
ZBC,Scrypt,PoS,2922613.96424908,55000000.0,-0.2870920526498576,0.8003597498764901,-0.24924449721109476,0,Zilbercoin,0
FRST,Scrypt,PoW/PoS ,110000000.0,110000000.0,-0.2947770193007182,0.23314074233802798,-0.1967289551586661,0,FirstCoin,0
BVC,Scrypt,PoW,3115258.0,3360000.0,-0.1626433465172364,-1.1055014989528968,-0.006055339464622284,3,BeaverCoin,3
FIND,X13,PoS,14524851.4827,14524851.4827,-0.24163534539616222,1.54105549765356,-0.30573528841182684,0,FindCoin,0
VLTC,X11,PoW,30385540.0,1000000000.0,-0.22622039024580437,-0.9023327381037266,0.06182416967771915,3,VaultCoin,3
ZER,Equihash,PoW,6921653.89980891,17000000.0,-0.1643616497597603,-2.045403506915491,0.40973346010635875,3,Zero,3
CHAT,Scrypt,PoW/PoS,1000000000.0,1000000000.0,-0.3139446060931907,0.980410361769304,-0.5883096271043949,0,OpenChat,0
CDN,Scrypt,PoW,99843408.3158479,100000000.0,-0.16077638144847006,-1.105577756301417,-0.00609549424765809,3,Canada eCoin,3
ZOI,Lyra2RE,PoW,18545757.5,21000000.0,-0.1416423041695719,-2.2158273396179067,0.35261865854683816,3,Zoin,3
RNS,Scrypt,PoS,36050365.0,34426423.0,-0.2868331136067522,0.8003754231597365,-0.2492542301878153,0,RenosCoin,0
DBIX,Dagger-Hashimoto,PoW,2232901.0,2232901.0,-0.1574452173707943,-2.258827950003391,0.4359626383189085,3,DubaiCoin,3
XVP,X11,PoW/PoS,13162749.0858027,100000000.0,-0.40335775871828283,1.1850665009370576,-0.5199429704133061,0,VirtacoinPlus,0
TAJ,Blake2S,PoW/PoS,12184195.9258495,36900000.0,-0.41401100840145416,1.9760545758402368,-0.7559358164689884,0,TajCoin,0
IMX,X11,PoW/PoS,110630387.850471,110000000.0,-0.4020959330200379,1.1850576966487627,-0.5199768885047865,0,Impact,0
EB3,Scrypt,PoW,64096052.0,4000000000.0,-0.1335667882261382,-1.1086140525707249,-0.00637539454040413,3,EB3coin,3
ATMOS,PoS,PoS,111135836.889,110290030.0,-0.35045570837886286,1.6240072469007871,-0.11593797217629866,0,Atmos,0
HPC,X11,PoW/PoS,21521322.0099142,100000000.0,-0.40325562699153994,1.1850664136397853,-0.5199458149187007,0,HappyCoin,0
CXT,NIST5,PoW,10123200.0,48252000.0,-0.19206194499756266,-0.6530133346234859,-0.0855307496385831,3,Coinonat,3
MCRN,PoS,PoS,401421401.0,400000000.0,-0.34485506655514875,1.6237786373355345,-0.11605845520636818,0,MacronCoin,0
RAIN,X11,PoW/PoS,121665451.643876,500000000.0,-0.399196459487761,1.184753914436498,-0.5200098503939294,0,Condensate,0
IMS,Scrypt,PoW/PoS,5368934.0,21212121.0,-0.3330362510026524,0.9811828665087425,-0.5878978442354311,0,Independent Money System,0
ARGUS,Scrypt,PoW/PoS,1148324.0,28600000.0,-0.33303545047404703,0.9811771581408386,-0.5878969611877112,0,ArgusCoin,0
LMC,Scrypt,PoW/PoS,500000.0,1000000000.0,-0.32615729620264117,0.9804208005875718,-0.5879694873260132,0,LomoCoin,0
PROC,SHA-256,PoS,100545745.0,75000000000.0,0.26335554929195626,0.5618004152409334,-0.051434770131044166,0,ProCurrency,0
XGR,X11,PoW/PoS,17171382.0,40000000.0,-0.4037341070056619,1.1851131770648289,-0.5199398412759336,0,GoldReserve,0
BENJI,Scrypt,PoW,20276099.146524,35520400.0,-0.16220568247680592,-1.1055267193377007,-0.006063587916109507,3,BenjiRolls,3
GRW,Scrypt,PoS,295135466.361878,2000000000.0,-0.2697338149721002,0.7988422563517927,-0.24948959844109914,0,GrowthCoin,0
ILC,SHA-256,PoW,1317747500.0,2500000000.0,-0.11089845897507514,-1.28766284317013,0.19676578233762546,3,ILCoin,3
PHR,PoS,PoS,11390225.9742772,30000000.0,-0.35224364126225394,1.6240708051337558,-0.1158980149475303,0,Phreak,0
DEA,Scrypt,PoW/PoS,21358764.0,105000000.0,-0.3322469176054984,0.9811174594830421,-0.587909560488932,0,Degas Coin,0
HTML5,X15,PoW/PoS,40659020000.0,90000000000.0,0.8749566354968338,1.6689930216582212,-0.6928833970247019,0,HTML5 Coin,0
USC,SHA-256,PoS,10343113.0,200084200.0,-0.2679894700540552,0.620043057730984,-0.04580241358632596,0,Ultimate Secure Cash,0
EQT,Scrypt,PoW,13673406.4325268,72000000.0,-0.16202776227751317,-1.105555054607868,-0.006064072859739911,3,EquiTrader,3
QTUM,POS 3.0,PoS,100000000.0,100000000.0,-0.3509428355107722,1.4770901341279772,0.03336273630985609,0,QTUM,0
QRL,CryptoNight-V7,PoW,69036016.8340164,105000000.0,-0.12943807754599973,-2.127507296887608,0.3851265761645189,3,Quantum Resistant Ledger,3
ESP,536,PoW/PoS,22801882871.0,50000000000.0,0.5549938977882508,1.6170373388919732,-0.7209390385795257,0,Espers,0
DYN,Argon2d,PoW,19784224.6512734,0.0,-0.14954760646405998,-2.0674870401965952,0.409903593348967,3,Dynamic,3
NANO,Blake2b,PoW,133248297.0,340282367.0,-0.03499327951856006,-2.1520665926660323,0.4431704924006165,3,Nano,3
CHAN,Cloverhash,PoW,18407259.0885883,30000000.0,-0.14822801597576152,-2.146989146281226,0.4534275964436061,3,ChanCoin,3
DCY,CryptoNight,PoW,1809467143.0,2000000000.0,0.3352557160182664,-2.3002246331014544,0.43218894248123835,3,Dinastycoin,3
DNR,NIST5,PoW/PoS,4171382.0,10000000.0,-0.36295282256831146,1.4337148010698886,-0.6673662604401598,0,Denarius,0
DP,X11,PoW,35138975.0,100000000.0,-0.23254224351551447,-0.9016320178373767,0.061889951761153465,3,DigitalPrice,3
VUC,NIST5,PoW/PoS,62942075.0,120000000.0,-0.36145494547654416,1.4336285376105633,-0.6673944984348932,0,Virta Unique Coin,0
BTPL,Skein,PoW/PoS,6804362.0,100000000.0,-0.42037835430294845,1.8385955105099903,-0.7516100100613629,0,Bitcoin Planet,0
UNIFY,Scrypt,PoW,18133195.0,19276800.0,-0.16234701408702523,-1.1055140491503093,-0.006061642204357669,3,Unify,3
BRIT,X13,PoW/PoS,21268092.0,30000000.0,-0.28717782399380704,1.7218402115781242,-0.6443937869592039,0,BritCoin,0
SOCC,Scrypt,PoW,5167775.0,75000000.0,-0.16211042443422327,-1.1055573016744158,-0.006061402974622951,3,SocialCoin,3
ARC,X11,PoW,26042364.3735553,60000000.0,-0.23293694582314808,-0.9016007775026124,0.061896042971424224,3,ArcticCoin,3
DAS,X11,PoW,2622886.0,18900000.0,-0.23351445407795055,-0.9015685310826823,0.06190709077330534,3,DAS,3
LINDA,Scrypt,PoW/PoS,9044930943.24243,50000000000.0,0.13170678373302636,0.9421733116759725,-0.5947169375780982,0,Linda,0
XLC,CryptoNight,PoW,14161803.0,54000000.0,0.2995244037745495,-2.2986906625850247,0.4329456359040983,3,LeviarCoin,3
ONION,X13,PoW/PoS,21917018.0492836,18898187.6216583,-0.28724859360344496,1.7218488490408002,-0.6443931763961883,0,DeepOnion,0
BTX,Time Travel,PoW,17801865.1605478,21000000.0,-0.14385231437455695,-1.9719217783071055,0.5298608059046253,3,Bitcore,3
GCN,Scrypt,PoW,163055097500.0,200000000000.0,3.247395546532866,-1.262928451198232,-0.07652101362202979,3,gCn Coin,3
SMART,Keccak,PoW,2241009149.22257,5000000000.0,-0.10491599987399654,-1.1755022889794222,0.17426791159811209,3,SmartCash,3
SIGT,SkunkHash v2 Raptor,PoS,107972766.0,137500000.0,-0.365188981891357,1.3689666524706758,0.00934875649684263,0,Signatum,0
ONX,X11,PoW,122475638.389743,1100000000.0,-0.22438627818135776,-0.9024115632199148,0.06178534164418739,3,Onix,3
CRM,Skein,PoW/PoS,47331802.4774238,100000000.0,-0.4198831576331337,1.8385950872397696,-0.7516238019519305,0,Cream,0
BCH,SHA-256,PoW,17995589.6469082,21000000.0,-0.14435304222613013,-1.2857190367194793,0.1973937496205411,3,Bitcoin Cash,3
XMCC,X11,PoW/PoS,12569262.5359307,9507271.0,-0.4040064967306375,1.185136967781772,-0.5199359915717027,0,Monoeci,0
DFT,Scrypt,PoS,18663297.3489799,17405891.19707116,-0.2871662181212337,0.8003888575027095,-0.24924703855247549,0,Draftcoin,0
VET,VeChainThor Authority,Proof of Authority,55454734800.0,86712634466.0,4.392293601546306,-0.014730739952664265,6.239678826977917,3,Vechain,3
SOJ,Scrypt,PoW,485214.0,10500000000.0,-0.08826673129870748,-1.1136745042434657,-0.006840522929016677,3,Sojourn Coin,3
STCN,PoS,PoS,4000000.0,61599965.0,-0.3521099346093907,1.6240462775346023,-0.11589786645681825,0,Stakecoin,0
NYC,Scrypt,PoW,143006669741.687,0.0,1.5846645964003243,-1.1069924176296033,-0.05472061793391748,3,NewYorkCoin,3
FRAZ,Scrypt,PoW,9704042.0,20000000.0,-0.16244488158572176,-1.105514524223451,-0.0060588278392850045,3,FrazCoin,3
KRONE,Scrypt,PoW,17453749.4042601,84000000.0,-0.1618965052308128,-1.105564437688741,-0.0060662580109992585,3,Kronecoin,3
ACC,Scrypt,PoW,32646731.063036,100000000.0,-0.1615974441755069,-1.1055770544966126,-0.0060726265509008235,3,AdCoin,3
LINX,Scrypt,PoW,33716526.0,100000000.0,-0.16158437256565625,-1.1055770656695936,-0.006072990612744241,3,Linx,3
XCXT,Scrypt,PoW/PoS,19539588.0,48252000.0,-0.33267142189144416,0.9811616643614036,-0.5879046916279678,0,CoinonatX,0
ETHD,Scrypt,PoW/PoS,4200000.0,4200000.0,-0.33317112977100316,0.981196124919943,-0.5878961724219453,0,Ethereum Dark,0
SUMO,CryptoNight,PoW,8946653.0,88888888.0,0.299708001815152,-2.298717773765514,0.4329447978920672,3,Sumokoin,3
ODN,SHA-512,PoS,25000000.0,91388946.0,-0.32082743348278725,0.751406072274543,-0.11001107594082322,0,Obsidian,0
ADA,Ouroboros,PoS,25927070538.0,45000000000.0,0.6481360305524932,1.4329868216128163,-0.17943386229042013,0,Cardano,0
REC,X11,PoW/PoS,7262402.04264803,27000000.0,-0.40394733745510875,1.1851234027866684,-0.5199354956000474,0,Regalcoin,0
BTCZ,Equihash,PoW,5211553258.01514,21000000000.0,0.04797732969785994,-2.0617959254657046,0.4063908851377043,3,BitcoinZ,3
TZC,NeoScrypt,PoW/PoS,182638400.0,400000000.0,-0.3436333364355938,0.5102920385938271,-0.32243105472568634,0,TrezarCoin,0
ELM,X11,PoW,2702855668.85288,1800000000.0,-0.18789496062349603,-0.9029835560773471,0.060854790679997765,3,Elements,3
TER,Scrypt,PoW/PoS,1140734.91680375,15733333.0,-0.33312675264041586,0.9811871766346478,-0.5878959950386132,0,TerraNovaCoin,0
VIVO,NeoScrypt,PoW,4165967.57499639,27000000.0,-0.17791119162655045,-1.576113956490124,0.25949801555974306,3,VIVO Coin,3
RUP,Lyra2REv2,PoS,24000000.0,24000000.0,-0.31594856596572374,0.7465061337864616,-0.06115316488106948,0,Rupee,0
BTG,Equihash,PoW,17202361.088994,21000000.0,-0.16420767659518531,-2.045406728820551,0.4097296619252489,3,Bitcoin Gold,3
WOMEN,Scrypt,PoW/PoS,48459472454.0,25000000000.0,0.43608476034034294,0.9612274954891709,-0.6062578830008416,0,WomenCoin,0
MAY,SHA-256,PoW/PoS,92050800.0,100000000.0,-0.31343515208637046,0.8009169670732085,-0.38447776920364074,0,Theresa May Coin,0
NAMO,NIST5,PoW/PoS,560563220.0,1200000000.0,-0.3477186910275018,1.432782416541577,-0.6676447235230802,0,NamoCoin,0
LUX,PHI1612,PoW/PoS,8305775.31777569,60000000.0,-0.3937514524718817,1.7702748678726126,-0.6407543978073215,0,LUXCoin,0
PIRL,Dagger,PoW,33986980.0,156306732.71,-0.16557130163860978,-2.208069049319541,0.420031958368521,3,Pirl,3
XIOS,Scrypt,PoW/PoS,2149688.0,21000000.0,-0.3330770900108688,0.9811830652951378,-0.5878967328085976,0,Xios,0
BTDX,Quark,PoW/PoS,30711550.5294042,200000000.0,-0.404025329394018,1.6050653134911836,-0.506491721732635,0,Bitcloud 2.0,0
EBST,Scrypt,PoW,99990001.493466,100000000.0,-0.16077459025582339,-1.1055777578324422,-0.006095544134771935,3,eBoost,3
KEK,POS 2.0,PoS,12330806.30517,21000000.0,-0.34399625405984785,1.5180208135430502,-0.0857520657392584,0,KekCoin,0
BLHC,Scrypt,PoW/PoS,16362544.992,14788275.991,-0.33294745973033196,0.9811877535102462,-0.5879011043978051,0,BlackholeCoin,0
XIN,SHA-256,PoS,8999999990.0,9000000000.0,-0.09576566973709363,0.61309726248612,-0.04952069634259801,0,Infinity Economics,0
PURA,X11,PoW,175215859.0,350000000.0,-0.2290584681154457,-0.9018281391147229,0.06182356006037846,3,Pura,3
INN,NeoScrypt,PoW,6375259.04,45000000.0,-0.17775659804630306,-1.576127994962281,0.25949591572141995,3,Innova,3
ELLA,Ethash,PoW,12756367.0,280000000.0,-0.1519845794501928,-1.9743316628969543,0.3973784610213748,3,Ellaism,3
GBX,NeoScrypt,PoW,5832306.875,31800000.0,-0.1778568046431883,-1.5761177113329656,0.25949708902272917,3,GoByte,3
MAG,X11,PoW/PoS,38198594.8342105,144000000.0,-0.4027399428277462,1.1850319795993398,-0.51995478545795,0,Magnet,0
TAU,DPoS,DPoS,288090567.493887,500000000.0,3.721125565864462,2.9473711727255276,-0.10276962432500833,0,Lamden Tau,0
ECA,NIST5,PoW/PoS,28399150208.0,30000000000.0,0.19659332724499856,1.4100670320521862,-0.6792752623921285,0,Electra,0
BCD,X13,PoW/PoS,183534024.889807,210000000.0,-0.2839191421848613,1.7216983628839007,-0.6444624876129268,0,Bitcoin Diamond,0
XSH,Multiple,PoW,481730566.566176,660000000.0,-0.11586383873693105,-1.8045440691063963,0.3503932308585696,3,SHIELD,3
CNBC,Scrypt,PoW/PoS,110976977.29338,210000000.0,-0.33040756492868234,0.981034767017146,-0.5879479217583256,0,Cash & Back Coin,0
XUN,CryptoNight,PoW,19281821413.4924,85000000000.0,1.1371186506179725,-2.3650336735706685,0.42002717438582193,3,UltraNote,3
COAL,CryptoNight,PoW,4500000.0,12500000.0,0.2991121622703876,-2.298658248397516,0.43295203178782243,3,BitCoal,3
DAXX,Ethash,PoW,520891780.0,10000000000.0,-0.07687248169450266,-1.9819052849269758,0.39647762046735113,3,DaxxCoin,3
BWK,NIST5,PoS,13247178.8807286,27716121.0,-0.3169817675167326,1.2529040781051053,-0.32871563091548334,0,Bulwark,0
KLKS,Quark,PoS,16955764.902064,20000000.0,-0.35973482210411184,1.4244087773232552,-0.16781851571352527,0,Kalkulus,0
AC3,X11,PoW,80316207.0,550000000.0,-0.22880026470584822,-0.9019828746259164,0.06184087763805157,3,AC3,3
LTHN,CryptoNight-V7,PoW,441250233.377,999481516.0,-0.11854925163915704,-2.1282076573442494,0.3849329215161596,3,Lethean,3
GER,Scrypt,PoW/PoS,4911500269.41,50000000000.0,0.08120122304426992,0.9422164813924582,-0.5933102900609855,0,GermanCoin,0
LTCU,Scrypt,PoW/PoS,8419402.321,150000000.0,-0.33208602434468354,0.9810825561266857,-0.5879085270818506,0,LiteCoin Ultra,0
POP,Scrypt,PoW,3964201248.87125,4999999999.0,-0.0788233686134543,-1.1094334186606571,-0.007777527662797937,3,PopularCoin,3
PNX,X11,PoW/PoS,45174214.1078625,50000000.0,-0.4033210578529022,1.185105098269773,-0.5199501198036904,0,PhantomX,0
PHO,BLAKE256,PoW,30089671530.5228,90000000000.0,1.099260287007395,-1.2314388741219786,-0.019567452118529668,3,Photon,3
SUCR,X11,PoW,4229040.50393462,19800000.0,-0.23348844886354708,-0.901569248627336,0.06190647678324819,3,Sucre,3
SPK,NeoScrypt,PoW,7847417.33355824,21000000.0,-0.17790874162697376,-1.5761093231399241,0.2594972120573181,3,SparksPay,3
WAGE,Quark,PoS,27299680.0,120000000.0,-0.3588995502639504,1.424330805967499,-0.16782952470887016,0,Digiwage,0
GUN,NeoScrypt,PoW,299797953.0,500000000.0,-0.17094591362710546,-1.5764853376026011,0.25936198675879,3,GunCoin,3
IRL,Scrypt,PoW,45483049.3398182,64000000.0,-0.16169579715760482,-1.105549157763181,-0.006074298888534061,3,IrishCoin,3
TROLL,Scrypt,PoW/PoS,591022748.0,900000000.0,-0.3196506987546438,0.980492496467691,-0.588162959224739,0,Trollcoin,0
LCP,Scrypt,PoW/PoS,2504486.227718,4000000.0,-0.33319326467708266,0.9811962983546043,-0.5878955804440503,0,Litecoin Plus,0
MONK,X11,PoS,4407252.0,21000000.0,-0.3582901834736054,1.0043312705891894,-0.18127902978892668,0,Monkey Project,0
PCOIN,X11,PoW,8478104.33969947,23000000.0,-0.233413846192742,-0.901571784631082,0.061904791141152306,3,Pioneer Coin,3
UBTC,SHA-256,PoW,20166000.0,20166000.0,-0.14433243448984578,-1.2857184100072143,0.19739307346541654,3,UnitedBitcoin,3
ITZ,C11,PoW,11916588.09471,23000000.0,-0.1960269455597164,-1.1377726307027765,0.03321154785276959,3,Interzone,3
TPAY,POS 3.0,PoS,20445861.5344251,25000000.0,-0.35244655279039,1.4771493624872227,0.033395426017129595,0,TokenPay,0
MCT,Ethash,PoS,1618033.0,1618033.0,-0.27890649382495164,-0.06821333367858534,0.1542177430793491,0,1717 Masonic Commemorative Token,0
MBC,Scrypt,PoW and PoS,9399342.52839847,30000000.0,-0.2637345200325323,0.24450830581922545,-0.37295526648437316,0,My Big Coin,0
TRTL,CryptoNight,PoW,53139835213.77,1000000000000.0,8.03708971429458,-3.0778366979708123,0.33998190264036693,3,TurtleCoin,3
MUN,SkunkHash,PoW,4818338.98949984,16600000.0,-0.18463952284620722,-2.198686231083064,0.5577964425353021,3,MUNcoin,3
USX,Scrypt,PoW/PoS,234846265.782157,232000000.0,-0.32873807697189306,0.9810163433901389,-0.5879917232564591,0,Unified Society USDEX,0
NBR,CryptoNight,PoW,133932467.774108,336000000.0,0.30298690367004766,-2.298911488046917,0.4328837581767828,3,Niobio Cash,3
SSS,Scrypt,PoW,10000000000.0,10000000000.0,0.03037092698355977,-1.1133896229612994,-0.010206012847922883,3,ShareChain,3
TRF,Dagger,PoW,107325266.027783,100000000.0,-0.16507434390172332,-2.2080259729741174,0.4200112173527093,3,Travelflex,3
KREDS,Lyra2REv2,PoW,643795911.540095,1100000000.0,-0.17593541908387728,-1.1602396041854242,0.18174068835714907,3,KREDS,3
TOKC,X13,PoS,230298925.0,800000000.0,-0.23343075633088486,1.5404416470446138,-0.305867541593156,0,Tokyo Coin,0
BBP,Proof-of-BibleHash,POBh,1772091549.88818,5200000000.0,-0.16779590461200805,3.5953665608115544,11.809417445786263,1,BiblePay,1
LCC,SHA-256 + Hive,PoW + Hive,638382332.208514,840000000.0,-0.3240605329945731,4.5663239139120355,13.115768832847358,1,LitecoinCash,1
FLIP,Scrypt,PoW,12446100.00278,40000000.0,-0.16226960060565526,-1.1055301255263135,-0.006061258760518343,3,BitFlip,3
LOT,Scrypt,PoW,14491014421.0,18406979840.0,0.1448412662861692,-1.1199824812054644,-0.012363936472632151,3,LottoCoin,3
CIF,X11,PoW,211297638.500483,500000000.0,-0.22755426966263473,-0.901945310939518,0.061800047784971064,3,Crypto Improvement Fund,3
SPD,C11,PoW/PoS,11251342.1879021,19340594.0,-0.3666080070267982,0.9489285148340553,-0.548628352612146,0,Stipend,0
POA,Proof-of-Authority,PoA,204479039.0,252460800.0,-0.44355971132515526,2.1369024198197546,13.495257963735188,1,Poa Network,1
PUSHI,X11,PoW/PoS,2167827.1,25000000.0,-0.4040237646772264,1.1851250132610842,-0.5199336120884225,0,Pushi,0
ELP,XEVAN,PoW/PoS,419275.38,60000000.0,-0.27907502172693466,1.5515456015409987,-0.4609658410971379,0,Ellerium,0
VLX,Scrypt,PoS,25570013.1348022,124000000.0,-0.2863262003053345,0.8003057876529319,-0.24925737165821457,0,Velox,0
ONT,VBFT,PoS,650848625.0,1000000000.0,-0.3229150915192352,1.445485569994715,-0.06859576590658327,0,Ontology,0
CLO,Ethash,PoW,247612453.0,6500000000.0,-0.10502248354150746,-1.9791772144645006,0.39683273017695225,3,Callisto Network,3
TUBE,CryptoNight,PoW,80049082.9057215,1000000000.0,0.3070354873199815,-2.299427937754653,0.43285236920887055,3,BitTube,3
PSD,Scrypt,PoW,4070212.1493016,21000000.0,-0.1625066314069821,-1.1055152440167402,-0.006056985479606707,3,Poseidon,3
ADK,IMesh,PoW,25000000.0,25000000.0,-0.15827157905268827,-2.1944483255821305,0.42592014839395353,3,Aidos Kuneen,3
BSX,NIST5,PoW/PoS,13787854.6277781,50000000.0,-0.3625517681711112,1.433683555305665,-0.6673725285646338,0,Bitspace,0
BRIA,Scrypt,PoW/PoS,845637.81347436,3000000.0,-0.33322062262942703,0.9811970943129185,-0.5878949410328735,0,Briacoin,0
IC,Scrypt,PoW/PoS,1182153.5,5000000.0,-0.3332023331794127,0.9811955335318651,-0.5878952053296705,0,Ignition,0
BTL,Equihash,PoW,71355477.0,70000000.0,-0.16319863853750455,-2.0454454474263857,0.40970756354142196,3,Bitrolium,3
MEDIC,Scrypt,PoS,267297676.3125,500000000.0,-0.2807071835790851,0.8000104969431544,-0.24936779209031787,0,MedicCoin,0
ALPS,Lyra2Z,PoW,27340501.6514783,300000000.0,-0.14752092747869236,-2.103373738014431,0.31202190292898635,3,Alpenschillling,3
BITG,Green Protocol,PoS,9803691.3618195,21000000.0,-0.35022284963995487,1.3998427678427152,-0.083774975096768,0,Bitcoin Green,0
DEV,PoS,PoS,21876586.8530324,88000000.0,-0.35170435918414017,1.6240255348861559,-0.11590592709810786,0,Deviant Coin,0
ABJ,Scrypt,PoW/PoS,9880502.37178894,30000000.0,-0.33291882939462736,0.9811759768550863,-0.5879000376787669,0,Abjcoin,0
SEM,Semux BFT consensus,DPoS,1231147.0,100000000.0,3.9208447889828766,3.1244419591018193,-0.3703174321636122,0,Semux,0
FTO,X11,PoW,31801461.1867843,100000000.0,-0.23258302392765745,-0.9016319829802485,0.061891087550257316,3,FuturoCoin,3
CARE,Quark,PoW/PoS,139739596.506702,200000000.0,-0.4026931375593408,1.6050641747978787,-0.5065288250596949,0,Carebit,0
NZL,PoS,PoS,11075254.0929996,80000000.0,-0.3518930490328022,1.6240318767615893,-0.11590165218861453,0,Zealium,0
XMC,CryptoNight,PoW,16016864.0,18400000.0,0.29929470853788914,-2.2986629626161936,0.4329476706419633,3,Monero Classic,3
PROTON,X16R,PoS,4403800.0,45000000.0,-0.3233042397273142,0.6886156532573261,-0.03657199262280386,0,Proton,0
DEAL,Scrypt,PoW/PoS,1404157529.46026,5121951220.0,-0.27978653187461733,0.9771966525192259,-0.5887558530118324,0,iDealCash,0
JUMP,NIST5,PoW,21069346.2522598,21000000.0,-0.19212138064894746,-0.6529922296325605,-0.08553243385722423,3,Jumpcoin,3
INFX,Lyra2RE,PoW,5097689.71077377,26280000.0,-0.1417691944643796,-2.2158313103492255,0.3526228396461739,3,Infinex,3
XBI,XEVAN,PoS/PoW,10904963.0923455,21000000.0,-0.22131437325260128,1.3478808727494689,-0.04325582579182579,0,Bitcoin Incognito,0
KEC,Tribus,PoW,795447.0,18000000.0,-0.13649130453410815,-2.2182839100238283,0.25019492226180673,3,KEYCO,3
HWC,Scrypt,PoS,38706809.466535,26000000.0,-0.28686038840789435,0.8003819565087222,-0.24925450315937697,0,HollyWoodCoin,0
GIN,Lyra2Z,PoW,6986399.70430446,10500000.0,-0.1498218424462721,-2.1031481111138652,0.31205050987680416,3,GINcoin,3
PLTC,CryptoNight,PoW,84300.0,600000518.0,0.3032228908801084,-2.2991156497086083,0.4329095374131671,3,PlatinCoin,3
LOKI,CryptoNight Heavy,PoW,19153632.0,150000000.0,0.5773229783187946,-2.152180413110829,0.37243947821165724,3,Loki,3
NCP,CryptoNight,PoW,41294520017.0,184000000000.0,2.107880200795863,-2.4423482653375306,0.4051220646871428,3,Newton Coin,3
SIC,Scrypt,PoW/PoS,10200000000.0,10200000000.0,-0.136314541988074,0.9731508508375077,-0.5921294534536024,0,Swisscoin,0
XT3,Scrypt,PoS,7630000.0154,44000000.0,-0.2871125110211844,0.8003682656779446,-0.2492452754069167,0,Xt3ch,0
MGD,Jump Consistent Hash,PoW,135862416.039898,168000000.0,-0.14833158059195328,-2.1667561455696966,0.41116894181778074,3,MassGrid,3
VIG,SHA-256D,PoW/PoS,33238183.7225834,100000000.0,-0.3524691732558299,1.7977544403907768,-0.764129188620245,0,TheVig,0
PLURA,CryptoNight,PoW,560085952.404637,1000000000.0,0.3129009615854153,-2.299432951279058,0.4326890078938064,3,PluraCoin,3
EMAR,Scrypt,PoW/PoS,21599339.6728,84000000.0,-0.33239284319882817,0.9811338082683931,-0.5879080696989832,0,EmaratCoin,0
DKD,X15,PoS,30284196.369129,90000000.0,-0.21309862865744458,1.5586274301461116,-0.33366875732181883,0,Dekado,0
LYNX,Scrypt,HPoW,77872059787.8998,92000000000.0,2.2530861529976485,0.09160290570413461,-0.47773405792921625,0,Lynx,0
POSQ,Quark,PoS,2716264.95302831,650000000.0,-0.35544285752183175,1.423918387103175,-0.16786084967745446,0,Poseidon Quark,0
BWS,SHA-256,PoS,57811001.000889,100262205.0,-0.2681170892181669,0.6201202866973309,-0.04581109185238291,0,BitcoinWSpectrum,0
MUSE,DPoS,PoS,18194936.0,18081806.0,1.0129768710765263,2.2479240023815468,-0.06906543539080251,0,Muse,0
XMN,X16R,PoW,8125865.02097646,22075700.0,-0.19860884798924638,-1.2172679914318594,0.20661381354856923,3,Motion,3
PLUS1,HMQ1725,PoW,8645406.16776286,21000000.0,-0.13754803695845078,-2.1513476597437187,0.3556370627106187,3,PlusOneCoin,3
AXE,X11,PoW,4993030.69736615,21000000.0,-0.23347060724116128,-0.9015701909663626,0.06190612692349677,3,Axe,3
TRVC,X16R,PoW/PoS,36923120.6205934,82546564.0,-0.3683753053634198,0.8693829124378344,-0.3752409159233101,0,Trivechain,0
DTEM,Quark,PoS,7082392.24744494,21000000.0,-0.359848374048904,1.4244081018079227,-0.16781523059531794,0,Dystem,0
GIC,Quark,PoW/PoS,5919489.76813523,5151000.0,-0.4057095073527476,1.6052172883276534,-0.5064686927826066,0,Giant,0
PNY,Scrypt,PoS,1042012.45227735,16880000000.0,-0.1678456995449986,0.7872592653402576,-0.25050385763050226,0,Peony Coin,0
ABS,Lyra2REv2,PoW/PoS,13332617.9413708,52500000.0,-0.3616114506923553,0.9272808879660251,-0.39980671383330757,0,Absolute Coin,0
VITAE,Quark,PoS,66053877.6256106,100000000.0,-0.3585677968161111,1.4243459738817956,-0.16784121537562308,0,Vitae,0
HEX,Scrypt,PoW,1416663.06600024,22105263.0,-0.1625312195850096,-1.1055160768974717,-0.006056165222074906,3,HexCoin,3
TPC,Scrypt,PoW/PoS,5403802.49590733,1000000000.0,-0.32609737762311075,0.9804207493720613,-0.587971156138714,0,TPCash,0
WEBC,CryptoNight-V7,PoW,15580199.3087496,1750000000.0,-0.11843014088896242,-2.128787590264319,0.3850215759913978,3,Webchain,3
RYO,Cryptonight-GPU,PoW,4890897.0,88188888.0,-0.14029581962730217,-2.1670301447661497,0.532475636438377,3,Ryo,3
URALS,XEVAN,PoW,14746153.0962884,210000000.0,-0.10728964995301342,-0.5352696323285706,0.1208584509390671,3,Urals Coin,3
QWC,CryptoNight Heavy,PoW,99553110528.8022,184470000000.0,3.1001190355766974,-2.2967376276247626,0.32476362037965717,3,Qwertycoin,3
ARE,X11,PoS,19269509.94,55000000.0,-0.35786756477433307,1.0043046418371817,-0.18128663377475265,0,ARENON,0
EUNO,X11,PoW/PoS,30771125.9760867,50000000.0,-0.4034970462990977,1.1851052486962055,-0.5199452182897282,0,EUNO,0
MMO,Scrypt,PoS,107763867.917675,260000000.0,-0.2843578110758561,0.8001990350970539,-0.2492955278907278,0,MMOCoin,0
KETAN,PoS,PoS,9327131.59708692,210000000.0,-0.35099286289102616,1.6239306726985132,-0.11591079280093748,0,Ketan,0
PPAI,SHA-256,PoW,2100000000.0,2100000000.0,-0.1041757989737586,-1.2873595597527925,0.19652952947463645,3,Project Pai,3
XDNA,Keccak,PoW/PoS,4672513.84432375,366000000.0,-0.3356379150205921,0.9148275430749001,-0.4064644080399756,0,XDNA,0
PAXEX,X11,PoS,4504639.0,100000000.0,-0.3577289770451805,1.0042697575465183,-0.18128497912873673,0,PAXEX,0
AZART,X11,PoW,5015881.37315389,25000000.0,-0.23344197276871761,-0.9015733057379554,0.061905819592853316,3,Azart,3
TSC,Scrypt,PoW/PoS,1059954080.43439,18000000000.0,-0.1927021645798946,0.9671729706130526,-0.5896031359822967,0,ThunderStake,0
KCASH,SHA-512,Zero-Knowledge Proof,1000000000.0,1000000000.0,-0.2875975615611495,-0.4441492611482422,-0.12852277005527885,3,Kcash,3
XCG,X16R,PoW,9753753.61515394,100000000.0,-0.1980365661082308,-1.2173286828833805,0.20660742392151188,3,Xchange,3
AAC,ECC 256K1,DPOS,1000000000.0,1000000000.0,-0.3646325503022481,2.948013999137986,15.584940271367337,1,Acute Angle Cloud,1
CRYP,Equihash,PoW,4235111504.0,7600000000.0,-0.058943752795756046,-2.0513520421209317,0.4077266849763854,3,CrypticCoin,3
BTXC,XEVAN,PoS,6787405.18013774,50000000.0,-0.2333335256028325,1.3707564875481537,-0.12231221450543313,0,Bettex coin,0
ACM,Lyra2Z,PoW,13634850.0,84000000.0,-0.14921957837771407,-2.1032054100933135,0.31204274303228635,3,Actinium,3
BSV,SHA-256,PoW,17992514.6469233,21000000.0,-0.14435307979893836,-1.2857190366873634,0.19739375066699388,3,Bitcoin SV,3
BITM,XEVAN,Pos,208515864.367343,70000000000.0,0.6507667580317676,1.4532147867641372,-0.12564332361642983,0,BitMoney,0
JMC,X11,PoS,17209923728.3266,0.0,-0.14820829233629043,1.0041679267798653,-0.1871326652939702,0,Junson Ming Chan Coin,0
FRED,CryptoNight,PoW,1867054873.28397,8080000000.0,0.37905937116751576,-2.304959324618265,0.43171402222073624,3,FREDEnergy,3
HERB,Quark,PoW/PoS,35312185.7437239,54000000.0,-0.4050040823132608,1.6051789458942607,-0.5064823536413995,0,HerbCoin,0
UMO,Blake,PoW,1578281.31341127,105120001.44,-0.15008512400162802,-2.113137415563062,0.35711564049231803,3,Universal Molecule,3
LIT,Blake,PoW,15846721.2482747,25228800.0,-0.15047711483411652,-2.113075358638604,0.35711676773933426,3,Lithium,3
PIRATE,Equihash,PoS,13475920.0,105000000.0,-0.28847016739474995,-0.13957063965552738,0.1665392833704749,3,PirateCash,3
EXO,Exosis,PoW,406091.925,21000000.0,-0.14195220612872714,-2.015236319005447,0.5305228246661086,3,Exosis,3
BLTG,Scrypt,PoW,35284717.173946,120000000.0,-0.16142343482902172,-1.1055926547125436,-0.006075022055435811,3,Block-Logic,3
OWC,Scrypt,PoW/PoS,14777549.3940764,21000000.0,-0.33292279270426456,0.9811829334092445,-0.587901030195267,0,Oduwa,0
BEAM,Equihash,PoW,35687520.0,262800000.0,-0.16226773439842326,-2.045595195396496,0.40970526318271394,3,Beam,3
GALI,Quark,PoW/PoS,18265011.2486006,19035999.0,-0.40546023169572626,1.6052063480688417,-0.5064739339140972,0,Galilel,0
BTH,Equihash,PoW,25150787.5,30886000.0,-0.16404047632995314,-2.0454145094023963,0.40972621664825665,3,Bithereum,3
CSPN,Quark,PoS,1934701.67524713,13370000.0,-0.359965360315199,1.4244140965421928,-0.16781290738519536,0,Crypto Sports,0
CREDIT,Scrypt,PoW/PoS,30825710000.0296,74800000000.0,0.5736443968111872,0.9226357281163015,-0.6039863899023595,0,Credit,0
SLC,QuBit,PoW,12925790.4226959,100000000.0,-0.18438536750906934,-1.5488425608729415,0.20580941552627005,3,SLICE,3
DASHP,X11,PoS,715659.44237941,19700000.0,-0.35834450576393745,1.004332321367536,-0.1812776761481514,0,Dash Platinum,0
NSD,Scrypt,PoW/PoS,20546528.2059957,84000000.0,-0.3324057072910619,0.9811338192639983,-0.5879077114167827,0,Nasdacoin,0
BEET,XEVAN,PoW/PoS,198938144.363399,500000000.0,-0.2735302803600984,1.551200929578575,-0.46106635001667357,0,Beetle Coin,0
TTN,SHA-256D,PoW/PoS,896361168.0,5000000000.0,-0.3071876474026235,1.7939301230485112,-0.7647898720015579,0,Titan Coin,0
AWR,X11,PoW/PoS,15420234.5389336,420000000.0,-0.4010617537867298,1.1848173147246186,-0.5199677030045484,0,Award,0
BLAST,SHA-256,PoW,52293836.6277958,64000000.0,-0.1436291397281145,-1.2857528761608532,0.19737885737733368,3,BLAST,3
XRC,X13,PoW,1170292.5,2100000.0,-0.11707418084282764,-0.3648361439062402,-0.06254445718449751,3,Bitcoin Rhodium,3
GLT,SHA-256,PoW,84613099.9999955,168000000.0,-0.14249700024862735,-1.2858341915609723,0.1973600703983512,3,GlobalToken,3
INSN,X11,PoW/PoS,23775960.3207514,30000000.0,-0.4037242951488617,1.1851208944186957,-0.519941339993713,0,Insane Coin,0
ALX,DPoS,DPoS,1000000000.0,1000000000.0,3.733368652566163,2.946974420897278,-0.10304933846796827,0,ALAX,0
LDOGE,Scrypt,PoW/PoS,15318887081.0146,35000000000.0,0.10203475359409023,0.9537872847489088,-0.5957286984301297,0,LiteDoge,0
SLR,Scrypt,PoW,55565076.3863525,98100000000.0,0.533386573621759,-1.1818833508776232,-0.0134195070127001,3,SolarCoin,3
TRK,X11,PoW/PoS,242574105.22384,0.0,-0.4012635089679369,1.1851419682791022,-0.520013552518336,0,TruckCoin,0
UFO,NeoScrypt,PoW,3824685012.0,4000000000.0,-0.10306516882021191,-1.5792473679872308,0.2579003226386369,3,UFO Coin,3
OC,Scrypt,PoW/PoS,3537150.0,200000000.0,-0.33179123879922745,0.9810436754553801,-0.587910610032032,0,OrangeCoin,0
BLC,Blake,PoW,23356790.1494191,7000000000.0,-0.10094248005214651,-2.1185062257362595,0.3565918812572789,3,BlakeCoin,3
BITS,Scrypt,PoW/PoS,20576532.0,54256119.0,-0.3326161895848457,0.9811569785249189,-0.5879054941502742,0,BitstarCoin,0
NEOS,SHA-256,PoS,4392258.24647793,21000000.0,-0.26933167732515373,0.6201825607919178,-0.04578697708938943,0,NeosCoin,0
HYPER,Scrypt,PoW/PoS,9631199.99309942,0.0,-0.3331345400550418,0.9811993384558583,-0.5878977061812048,0,HyperCoin,0
PINK,X11,PoW/PoS,436353624.490312,500000000.0,-0.3953513477958323,1.1847506278205429,-0.5201169419050562,0,PinkCoin,0
CESC,Scrypt,PoW,780210700.0,1000000000.0,-0.1460831753798053,-1.1062856319962384,-0.006394429719925999,3,Crypto Escudo,3
ADC,Scrypt,PoW/PoS,980732528.97974,10500000000.0,-0.24683627799188723,0.9730135472679305,-0.5890145117298786,0,AudioCoin,0
NKA,SHA-256,PoW/PoS,17939725045.334,190000000.0,-0.0947200053231378,0.8006604882531986,-0.3905582500089532,0,IncaKoin,0
PIGGY,X11,PoW/PoS,494240666.028571,1000000000.0,-0.3910996295638981,1.1843607066284954,-0.5201740857317392,0,Piggy Coin,0
CRW,SHA-256,PoW,22986929.0854247,42000000.0,-0.14414318891100616,-1.2857354401471623,0.19739047835790896,3,Crown Coin,3
GEN,Scrypt,PoW/PoS,60000000.0,15000000.0,-0.3324127615439222,0.9811871329035582,-0.5879159705129211,0,Genstake,0
SMLY,Scrypt,PoW,29583989322.9213,50000000000.0,0.5532164122865327,-1.1447394883310718,-0.01986618226389012,3,SmileyCoin,3
MI,Scrypt,PoW/PoS,404316475.545465,400000000.0,-0.32547643334207405,0.9808837630529766,-0.5880619769341703,0,XiaoMiCoin,0
GRS,Groestl,PoW,73298203.8873662,105000000.0,-0.19979266886363667,-1.2223326949848763,0.07758778848758004,3,Groestlcoin,3
CPC,X11,PoW/PoS,201364327.427503,208000000.0,-0.40029256922053513,1.1849804429628215,-0.520015105246837,0,CapriCoin,0
CLUB,Scrypt,PoW/PoS,103621876.167052,160000000.0,-0.3308518762424343,0.9810737754958642,-0.5879416743152084,0, ClubCoin,0
RADS,PoS,PoS,3821245.74150193,9000000.0,-0.3524849902534496,1.6240872354824223,-0.11589386648813099,0,Radium,0
BTA,Scrypt,PoW,5052555.91981545,5000000.0,-0.16260804940387136,-1.1055027961446195,-0.00605612156362411,3,Bata,3
PAK,Scrypt,PoW,69684455.4387001,182000000.0,-0.16056360472242323,-1.1056412892453606,-0.006091371720209726,3,Pakcoin,3
CRB,X11,Proof of Trust,16901016.6609755,16504333.0,-0.4165403702355029,0.7843267314751213,-0.21443617759142283,0,Creditbit ,0
OK,SHA-256,PoW/PoS,74676064.9488608,105000000.0,-0.31361200640971393,0.8009132553694668,-0.3844722308516278,0,OKCash,0
LSK,DPoS,DPoS,120012140.0,159918400.0,3.7166610733171987,2.9476377269797354,-0.10268695733746425,0,Lisk,0
XHI,Scrypt,PoS,10000244677.7002,10008835635.0,-0.09437586787653927,0.7925049502018696,-0.2533921138610902,0,HiCoin,0
XWC,Scrypt,PoW/PoS,252005564.19257,300000000.0,-0.32804637144639887,0.9809632171177616,-0.5880026551597921,0,WhiteCoin,0
FSC,NeoScrypt,PoW/PoS,1120385.00502,60168145.0,-0.3482602742116285,0.5105585387518718,-0.32234383281606677,0,FriendshipCoin,0
J,Multiple,PoW,3332922.5,2800000.0,-0.12636805361211975,-1.8040273549401469,0.3506052511055977,3,JoinCoin,3
TRI,X13,PoW/PoS,140777.753365,120000.0,-0.28764778823744785,1.7218636977937043,-0.6443843594534442,0,Triangles Coin,0
VOLLAR,Equihash+Scrypt,PoW,100000000.0,2100000000.0,-0.12652654467587948,-2.1982599755523284,0.4936933179986893,3,Vollar,3
EOS,DPoS,DPoS,1020544523.0722,0.0,3.7265308658202003,2.947752839564359,-0.10298144139037474,0,EOS,0
RCC,Ethash,PoW,24487944.0958204,24487944.0,-0.15365251165194757,-1.9741328352432967,0.397393603584935,3,Reality Clash,3
OXY,DPoS,DPoS,1122382283.37,0.0,3.7277752009957457,2.947751775966687,-0.1030160977917946,0,Oxycoin,0
TCH,SHA-256,PoS,1000000000.0,1000000000.0,-0.2502265949237029,0.6194098806875772,-0.04619910821625606,0,TigerCash,0
WAVES,Leased POS,LPoS,100000000.0,100000000.0,-0.4154993538729929,3.2719074260750296,14.67484166883206,1,Waves,1
PART,PoS,PoS,9283137.5558676,8634140.0,-0.35242084600670714,1.6240874633089606,-0.11589569782543449,0,Particl,0
BTT,TRC10,DPoS,989988713439.649,990000000000.0,34.062974611190036,1.220562445334492,-0.9536420895845947,2,BitTorrent,2
NXT,PoS,PoS/LPoS,1000000000.0,1000000000.0,-0.336309089795026,2.0476789037628027,-0.2982604358122936,0,Nxt,0
ZEPH,SHA-256,DPoS,1999999995.3056,2000000000.0,2.4705156853821135,1.3184460300796152,-0.08019055733010823,0,ZEPHYR,0
GAP,Scrypt,PoW/PoS,14931046.1546605,250000000.0,-0.33129757825876516,0.9810046247953246,-0.5879182319172166,0,Gapcoin,0
BDX,CryptoNight,PoW,980222595.0,1400222610.0,0.3208716314908803,-2.2997489658285875,0.4325160591168725,3,Beldex,3
ZEN,Equihash,PoW,7296537.5,21000000.0,-0.16432871386759268,-2.0454066253637304,0.40973303297541425,3,Horizen,3
XBC,Scrypt,PoS,128326.99633965,1000000.0,-0.2875089915544269,0.8004018252548211,-0.24923950230400752,0,BitcoinPlus,0
